epoch,time,train/box_loss,train/cls_loss,train/dfl_loss,metrics/precision(B),metrics/recall(B),metrics/mAP50(B),metrics/mAP50-95(B),val/box_loss,val/cls_loss,val/dfl_loss,lr/pg0,lr/pg1,lr/pg2
1,2.461,1.04162,4.60535,1.16695,0,0,0,0,0,13.1263,0,0,0,0
2,4.7626,0.79259,3.96247,1.03187,0,0,0,0,0,13.1326,0,1.802e-05,1.802e-05,1.802e-05
3,7.17461,0.88757,4.31795,0.99405,0,0,0,0,0,13.1387,0,3.208e-05,3.208e-05,3.208e-05
4,9.76252,0.95017,4.21659,1.03356,0,0,0,0,0,13.1441,0,4.218e-05,4.218e-05,4.218e-05
5,12.1523,0.99153,4.36613,1.18906,0,0,0,0,0,13.1496,0,4.832e-05,4.832e-05,4.832e-05
6,14.364,0.85582,3.94268,0.98892,0,0,0,0,0,13.1554,0,5.05e-05,5.05e-05,5.05e-05
7,16.5438,0.91981,4.38829,0.93034,0,0,0,0,0,13.1613,0,4.872e-05,4.872e-05,4.872e-05
8,18.7443,0.79365,3.95762,0.94065,0,0,0,0,0,13.168,0,4.298e-05,4.298e-05,4.298e-05
9,20.9293,0.63566,3.35495,0.79751,0,0,0,0,0,13.175,0,3.328e-05,3.328e-05,3.328e-05
10,23.1259,0.90578,3.13289,1.03986,0,0,0,0,0,13.1782,0,1.962e-05,1.962e-05,1.962e-05
1,2.18446,0.95386,5.06195,1.20116,0.00167,1,0.33167,0.21558,0.54936,3.88746,0.98564,0,0,0
2,4.42574,0.9752,4.49995,1.09447,0.00167,1,0.33167,0.16583,0.57312,3.83863,0.99691,1.802e-05,1.802e-05,1.802e-05
3,6.62394,0.9598,4.47022,0.9439,0.00167,1,0.33167,0.16583,0.57868,3.84515,0.99492,3.208e-05,3.208e-05,3.208e-05
4,8.90682,1.00773,4.59314,1.04525,0.00167,1,0.33167,0.199,0.56447,3.85967,0.98931,4.218e-05,4.218e-05,4.218e-05
5,11.0976,0.88826,4.35866,1.10492,0.00167,1,0.199,0.1791,0.5615,3.89759,0.98833,4.832e-05,4.832e-05,4.832e-05
6,13.3832,0.77835,3.98261,0.85333,0.00167,1,0.24875,0.22387,0.52181,3.87903,0.97646,5.05e-05,5.05e-05,5.05e-05
7,15.5324,1.07551,4.24298,0.93802,0.00167,1,0.33167,0.2985,0.49996,3.84806,0.9647,4.872e-05,4.872e-05,4.872e-05
8,17.7845,0.86604,4.1398,0.92007,0.00167,1,0.995,0.8955,0.47106,3.85117,0.95348,4.298e-05,4.298e-05,4.298e-05
9,19.9717,0.47143,3.41354,0.81932,0.00167,1,0.995,0.8955,0.46622,3.84621,0.94927,3.328e-05,3.328e-05,3.328e-05
10,22.1625,0.78881,3.3478,0.92047,0.00167,1,0.995,0.8955,0.47701,3.83725,0.95138,1.962e-05,1.962e-05,1.962e-05
1,4.40468,1.43188,5.39859,1.04225,0,0,0,0,0.13841,4.52565,0.78337,0,0,0
2,8.36294,1.58088,4.80784,1.41623,0,0,0,0,0.13567,4.5235,0.78317,7.21645e-06,7.21645e-06,7.21645e-06
1,4.07905,1.46801,4.48228,1.21327,0.00073,0.06667,0.00044,9e-05,1.13625,4.14856,1.03547,0,0,0
2,8.30731,1.27279,4.21517,1.14413,0.00073,0.06667,0.00044,9e-05,1.10711,4.15183,1.03327,1.28753e-05,1.28753e-05,1.28753e-05
3,12.3972,1.27601,4.20534,1.09037,0.00072,0.06667,0.00044,9e-05,1.08038,4.15071,1.03362,2.29212e-05,2.29212e-05,2.29212e-05
4,16.6974,1.42934,4.50213,1.18865,0.00074,0.06667,0.00044,9e-05,1.08654,4.13822,1.03853,3.01376e-05,3.01376e-05,3.01376e-05
5,22.1818,1.13732,4.05191,1.12549,0.00147,0.13333,0.00105,0.00025,1.07336,4.13513,1.04012,3.45246e-05,3.45246e-05,3.45246e-05
6,26.31,1.20311,4.19152,1.11512,0.00149,0.13333,0.00108,0.00043,1.07214,4.12777,1.04495,3.60822e-05,3.60822e-05,3.60822e-05
7,30.5341,1.12355,4.12179,1.0552,0.00149,0.13333,0.00123,0.00057,1.09058,4.10748,1.04678,3.48104e-05,3.48104e-05,3.48104e-05
8,34.4336,1.14859,4.13698,1.09758,0.00224,0.2,0.00261,0.00108,1.09575,4.10204,1.04579,3.07092e-05,3.07092e-05,3.07092e-05
9,38.4042,1.23698,3.87602,1.06041,0.00298,0.26667,0.00453,0.00151,1.10019,4.09727,1.02605,2.37786e-05,2.37786e-05,2.37786e-05
10,42.3871,1.08242,3.79701,0.99093,0.00223,0.2,0.00376,0.00185,1.08973,4.12082,1.00217,1.40185e-05,1.40185e-05,1.40185e-05
1,4.44534,1.05391,5.39556,1.29096,0,0,0,0,0.67512,4.65973,0.81565,0,0,0
1,3.5159,1.5466,4.85213,1.37901,0,0,0,0,0.14364,4.2887,0.78418,0,0,0
2,7.55058,1.8589,5.02025,1.44075,0,0,0,0,0.14366,4.28812,0.78387,6.3125e-06,6.3125e-06,6.3125e-06
1,5.94038,1.31285,5.16922,1.19239,0,0,0,0,0.191,4.29981,0.74366,0,0,0
2,11.33,1.36672,5.11645,1.18792,0,0,0,0,0.18816,4.30234,0.74286,8.375e-06,8.375e-06,8.375e-06
3,16.1122,1.16764,4.75836,1.16291,0,0,0,0,0.18626,4.30439,0.74236,8.5e-06,8.5e-06,8.5e-06
1,4.31882,0.83301,4.89364,1.05933,0,0,0,0,0.7351,4.5865,1.05972,0,0,0
2,8.4951,1.03691,4.99837,1.15011,0,0,0,0,0.7048,4.57244,1.04697,1.12625e-05,1.12625e-05,1.12625e-05
3,12.6497,0.97936,5.32529,1.01616,0,0,0,0,0.6614,4.57112,1.03118,2.005e-05,2.005e-05,2.005e-05
4,17.6048,0.97676,5.44704,0.99709,0,0,0,0,0.7263,4.5546,1.02216,2.63625e-05,2.63625e-05,2.63625e-05
5,22.3031,0.80807,4.94987,0.97119,0,0,0,0,0.8059,4.553,1.01933,3.02e-05,3.02e-05,3.02e-05
6,26.4793,0.81747,4.70815,1.00599,0,0,0,0,0.80315,4.62882,1.01946,3.15625e-05,3.15625e-05,3.15625e-05
7,30.5679,0.71141,5.04876,0.88491,0,0,0,0,0.80361,4.63003,1.03144,3.045e-05,3.045e-05,3.045e-05
8,34.7044,0.73116,4.55157,0.85629,0,0,0,0,0.7512,4.66264,1.0457,2.68625e-05,2.68625e-05,2.68625e-05
9,38.8793,0.7761,4.51617,0.96396,0,0,0,0,0.75315,4.6369,1.05612,2.08e-05,2.08e-05,2.08e-05
10,43.0366,0.83649,4.56903,1.02804,0,0,0,0,0.78907,4.6134,1.07463,1.22625e-05,1.22625e-05,1.22625e-05
1,1.30611,1.25897,3.83306,1.11619,0.00333,1,0.02551,0.01206,0.29184,3.59863,0.86625,0,0,0
2,2.88107,1.45879,4.14057,1.14011,0.00333,1,0.02488,0.01378,0.30703,3.59745,0.86574,1.01e-05,1.01e-05,1.01e-05
1,2.45418,1.07155,4.1599,1.10584,0,0,0,0,0.35653,3.81187,0.86099,0,0,0
2,5.30931,1.11647,4.02626,1.07052,0,0,0,0,0.36769,3.81224,0.85998,8.41835e-06,8.41835e-06,8.41835e-06
1,2.73148,1.10924,4.26781,1.06482,0,0,0,0,0.29363,4.00937,0.60539,0,0,0
2,5.75452,1.16292,4.25277,1.14902,0,0,0,0,0.27808,4.00189,0.604,1.50197e-05,1.50197e-05,1.50197e-05
3,8.54033,1.11563,4.27415,0.97031,0,0,0,0,0.24457,3.99761,0.60234,2.67387e-05,2.67387e-05,2.67387e-05
4,11.0154,0.95464,4.04952,1.03807,0.00329,0.5,0.00247,0.00247,0.2188,4.00737,0.60129,3.5157e-05,3.5157e-05,3.5157e-05
5,13.581,0.89306,4.1682,1.07905,0.00331,0.5,0.00248,0.00248,0.24595,3.99267,0.60149,4.02747e-05,4.02747e-05,4.02747e-05
6,16.0413,1.02755,4.13694,1.08214,0.00322,0.5,0.00241,0.00241,0.27537,3.97911,0.60223,4.20917e-05,4.20917e-05,4.20917e-05
7,18.5984,1.08141,3.95491,1.02213,0.00315,0.5,0.2483,0.02483,0.30187,3.9624,0.60348,4.06081e-05,4.06081e-05,4.06081e-05
8,21.255,0.90558,4.06677,1.01313,0.00312,0.5,0.16579,0.03316,0.33384,3.96377,0.60555,3.58238e-05,3.58238e-05,3.58238e-05
9,23.8126,0.85133,3.49491,0.92703,0.00299,0.5,0.16576,0.04973,0.3705,3.96447,0.60792,2.77389e-05,2.77389e-05,2.77389e-05
10,26.4222,0.51389,3.56325,0.84812,0.00588,1,0.29,0.07873,0.36953,3.96372,0.60746,1.63533e-05,1.63533e-05,1.63533e-05
1,4.27161,1.15553,3.85725,1.09399,0.00333,1,0.33931,0.33931,0.11107,3.34834,0.78319,0,0,0
2,7.83555,1.17453,4.02526,1.11886,0.00333,1,0.33934,0.33934,0.1203,3.34571,0.78206,1.604e-05,1.604e-05,1.604e-05
3,11.9375,1.1071,3.78241,1.07318,0.00333,1,0.33923,0.33899,0.16949,3.34881,0.78042,2.416e-05,2.416e-05,2.416e-05
4,15.1521,0.957,3.9213,0.9756,0.00333,1,0.33925,0.339,0.21558,3.36299,0.7788,2.436e-05,2.436e-05,2.436e-05
5,18.6513,1.08173,3.79193,1.01229,0.00333,1,0.33921,0.33897,0.24156,3.36246,0.77986,1.664e-05,1.664e-05,1.664e-05
1,2.38064,0.61903,4.2802,0.79674,0.00224,0.33333,0.33574,0.33574,0.10893,3.70846,0.78371,0,0,0
2,5.18854,0.63273,4.42117,0.87528,0.00226,0.33333,0.33575,0.33575,0.11267,3.70843,0.78218,1.50197e-05,1.50197e-05,1.50197e-05
3,7.6591,0.51043,4.07125,0.85085,0.00228,0.33333,0.33576,0.33576,0.13493,3.71219,0.78161,2.67387e-05,2.67387e-05,2.67387e-05
4,10.1166,0.79172,4.48956,0.91207,0.00229,0.33333,0.33576,0.33576,0.16833,3.71414,0.78191,3.5157e-05,3.5157e-05,3.5157e-05
5,12.5781,0.75377,4.34132,0.93969,0.00466,0.66667,0.33732,0.33732,0.20321,3.71822,0.78195,4.02747e-05,4.02747e-05,4.02747e-05
6,15.3857,0.59442,3.82626,0.81354,0.00696,1,0.33962,0.33939,0.21879,3.72292,0.77881,4.20917e-05,4.20917e-05,4.20917e-05
7,18.0294,0.67353,3.90314,0.83788,0.00457,0.66667,0.33729,0.33729,0.22046,3.71659,0.77793,4.06081e-05,4.06081e-05,4.06081e-05
8,20.5488,0.82914,3.93252,0.95457,0.00451,0.66667,0.33727,0.33727,0.22169,3.70806,0.7785,3.58238e-05,3.58238e-05,3.58238e-05
9,23.0494,0.66062,3.73936,0.88009,0.00679,1,0.33956,0.33933,0.21666,3.70528,0.77909,2.77389e-05,2.77389e-05,2.77389e-05
10,25.5044,0.57947,3.72457,0.8366,0.00682,1,0.33959,0.33936,0.21567,3.70407,0.77857,1.63533e-05,1.63533e-05,1.63533e-05
1,2.40754,0.80638,3.9318,0.92119,0.00229,0.33333,0.16979,0.16864,0.22172,3.69862,0.84082,0,0,0
2,4.9639,0.8158,4.14478,0.92661,0.00231,0.33333,0.17012,0.16878,0.21852,3.69952,0.83954,1.58448e-05,1.58448e-05,1.58448e-05
3,7.522,0.63187,3.93573,0.87501,0.00234,0.33333,0.17119,0.16954,0.23294,3.69378,0.84001,3.00393e-05,3.00393e-05,3.00393e-05
4,10.3243,0.64004,4.18188,0.88109,0.0035,0.5,0.17526,0.17242,0.25822,3.68763,0.84084,4.25835e-05,4.25835e-05,4.25835e-05
5,12.8735,0.61148,3.79659,0.83742,0.00349,0.5,0.20532,0.19425,0.30001,3.68425,0.84382,5.34774e-05,5.34774e-05,5.34774e-05
6,15.9636,0.73193,3.77006,0.8638,0.00345,0.5,0.25114,0.23457,0.35316,3.65981,0.83232,6.27209e-05,6.27209e-05,6.27209e-05
7,18.572,0.71381,3.42367,0.87766,0.00349,0.5,0.27866,0.25666,0.35585,3.6637,0.83036,7.03141e-05,7.03141e-05,7.03141e-05
8,21.0492,0.84077,3.47537,1.01082,0.00353,0.5,0.33369,0.31719,0.40088,3.62064,0.82121,7.62569e-05,7.62569e-05,7.62569e-05
9,23.5813,0.73498,3.12666,0.89076,0.00354,0.5,0.33372,0.31722,0.38533,3.61528,0.81825,8.05494e-05,8.05494e-05,8.05494e-05
10,26.1009,0.73268,3.37218,0.84665,0.00349,0.5,0.33374,0.33374,0.38203,3.6008,0.814,8.31916e-05,8.31916e-05,8.31916e-05
11,28.651,0.75149,2.97432,0.89351,0.00449,1,0.43262,0.41211,0.39512,3.57415,0.80829,8.41835e-05,8.41835e-05,8.41835e-05
12,31.5218,0.59957,2.44777,0.80879,0.00445,1,0.43266,0.42199,0.41401,3.51329,0.81782,8.3525e-05,8.3525e-05,8.3525e-05
13,34.0461,0.69464,2.35377,0.84845,0.00444,1,0.4327,0.39724,0.3965,3.48516,0.8145,8.12162e-05,8.12162e-05,8.12162e-05
14,36.784,0.66504,2.11045,0.81081,0.00442,1,0.43274,0.38932,0.40947,3.43637,0.81677,7.72571e-05,7.72571e-05,7.72571e-05
15,39.2609,0.6017,2.05346,0.77355,0.00441,1,0.45752,0.41163,0.42731,3.41378,0.81644,7.16477e-05,7.16477e-05,7.16477e-05
16,41.9746,0.63228,1.91475,0.78903,0.00438,1,0.49881,0.44879,0.43026,3.39201,0.81567,6.43879e-05,6.43879e-05,6.43879e-05
17,44.5178,0.63,1.90787,0.85086,0.00436,1,0.49882,0.44881,0.42231,3.37282,0.81402,5.54778e-05,5.54778e-05,5.54778e-05
18,47.1872,0.71088,1.73428,0.84127,0.00436,1,0.49882,0.44881,0.42231,3.37282,0.81402,4.49173e-05,4.49173e-05,4.49173e-05
19,49.7744,0.83731,2.16144,0.82105,0.00436,1,0.4988,0.44879,0.41611,3.35296,0.811,3.27065e-05,3.27065e-05,3.27065e-05
20,52.3371,0.6219,1.79154,0.82218,0.00436,1,0.4988,0.44879,0.41611,3.35296,0.811,1.88454e-05,1.88454e-05,1.88454e-05
1,2.59856,1.21297,4.11943,1.02311,0.00442,0.66667,0.66574,0.53274,0.15948,3.46866,0.77285,0,0,0
2,5.14653,1.11158,4.32895,1.04226,0.00442,0.66667,0.66574,0.53274,0.15477,3.469,0.77106,1.63399e-05,1.63399e-05,1.63399e-05
3,7.77969,0.78887,4.02279,0.90368,0.00452,0.66667,0.66576,0.53276,0.15473,3.47178,0.7692,3.20197e-05,3.20197e-05,3.20197e-05
4,10.9303,0.88518,4.34098,0.94094,0.00459,0.66667,0.66577,0.66577,0.1802,3.47544,0.77077,4.70394e-05,4.70394e-05,4.70394e-05
5,13.5426,0.80106,3.97752,0.90439,0.0046,0.66667,0.66577,0.63277,0.24005,3.48782,0.77326,6.13989e-05,6.13989e-05,6.13989e-05
6,16.0493,0.92235,3.81614,0.90812,0.00708,1,0.66736,0.61745,0.30357,3.50104,0.77782,7.50984e-05,7.50984e-05,7.50984e-05
7,18.6141,0.88299,3.4782,0.92999,0.0069,1,0.66733,0.61743,0.33385,3.50831,0.78169,8.81376e-05,8.81376e-05,8.81376e-05
8,21.1311,0.906,3.39714,1.02057,0.00693,1,0.66739,0.56772,0.36612,3.52547,0.78163,0.000100517,0.000100517,0.000100517
9,23.7428,0.84639,3.06973,0.90066,0.00691,1,0.863,0.66538,0.37719,3.52531,0.78546,0.000112236,0.000112236,0.000112236
10,26.2571,0.96482,3.31225,0.88214,0.00671,1,0.995,0.85723,0.35939,3.45929,0.78436,0.000123295,0.000123295,0.000123295
11,28.9758,1.16516,2.67285,0.95378,0.00656,1,0.995,0.93991,0.32544,3.41576,0.77871,0.000133693,0.000133693,0.000133693
12,32.1561,0.86434,2.12016,0.83861,0.0064,1,0.995,0.95107,0.3286,3.38591,0.77816,0.000143432,0.000143432,0.000143432
13,34.7406,0.91601,1.81876,0.88056,0.00651,1,0.995,0.90674,0.36024,3.36654,0.78401,0.00015251,0.00015251,0.00015251
14,37.219,1.12779,2.11136,0.98459,0.00649,1,0.995,0.90674,0.38074,3.35952,0.78606,0.000160929,0.000160929,0.000160929
15,39.7905,0.79504,1.82365,0.89835,0.00658,1,0.995,0.86281,0.41332,3.35033,0.7852,0.000168687,0.000168687,0.000168687
16,42.3216,0.81623,1.83804,0.87717,0.00671,1,0.995,0.85158,0.41881,3.3463,0.78406,0.000175785,0.000175785,0.000175785
17,44.9357,0.73954,1.4059,0.79965,0.0069,1,0.995,0.8955,0.40036,3.33693,0.78214,0.000182223,0.000182223,0.000182223
18,48.1091,0.72511,1.75043,0.82698,0.0069,1,0.995,0.8955,0.40036,3.33693,0.78214,0.000188001,0.000188001,0.000188001
19,50.5984,0.78255,1.61689,0.86212,0.0069,1,0.995,0.8955,0.37909,3.33271,0.78415,0.000193119,0.000193119,0.000193119
20,53.0862,0.60073,1.30514,0.83204,0.0069,1,0.995,0.8955,0.37909,3.33271,0.78415,0.000197576,0.000197576,0.000197576
21,55.6523,0.82173,1.76294,0.92999,0.00679,1,0.995,0.8955,0.38742,3.29853,0.78804,0.000201374,0.000201374,0.000201374
22,58.1316,0.68415,1.49425,0.88385,0.00679,1,0.995,0.8955,0.38742,3.29853,0.78804,0.000204511,0.000204511,0.000204511
23,60.6797,0.64853,1.6895,0.80051,0.00668,1,0.995,0.8955,0.38037,3.28767,0.79171,0.000206988,0.000206988,0.000206988
24,63.1724,0.84194,1.607,0.9201,0.00668,1,0.995,0.8955,0.38037,3.28767,0.79171,0.000208805,0.000208805,0.000208805
25,65.7547,0.61028,1.56398,0.84084,0.00679,1,0.995,0.84041,0.38387,3.27418,0.78887,0.000209962,0.000209962,0.000209962
26,68.2581,0.57139,1.66311,0.84223,0.00679,1,0.995,0.84041,0.38387,3.27418,0.78887,0.000210459,0.000210459,0.000210459
27,70.8437,0.65092,1.5251,0.84818,0.00693,1,0.995,0.78532,0.35913,3.32186,0.78557,0.000210295,0.000210295,0.000210295
28,73.3804,0.81539,1.55676,0.84365,0.00693,1,0.995,0.78532,0.35913,3.32186,0.78557,0.000209472,0.000209472,0.000209472
29,75.9756,0.69319,1.68068,0.82138,0.0069,1,0.995,0.79656,0.36431,3.34159,0.78448,0.000207988,0.000207988,0.000207988
30,78.4938,0.87097,1.89867,0.88748,0.0069,1,0.995,0.79656,0.36431,3.34159,0.78448,0.000205844,0.000205844,0.000205844
31,81.0861,0.63982,1.68014,0.89258,0.00694,1,0.995,0.77498,0.35918,3.34036,0.779,0.000203041,0.000203041,0.000203041
32,83.6186,0.90792,1.8053,0.9879,0.00694,1,0.995,0.77498,0.35918,3.34036,0.779,0.000199577,0.000199577,0.000199577
33,86.254,0.65068,1.87681,0.90816,0.00704,1,0.995,0.77498,0.35347,3.31908,0.77773,0.000195452,0.000195452,0.000195452
34,88.9479,0.94667,1.78719,0.96084,0.00704,1,0.995,0.77498,0.35347,3.31908,0.77773,0.000190668,0.000190668,0.000190668
35,92.1474,0.55078,1.6956,0.78869,0.00691,1,0.995,0.77498,0.35662,3.28775,0.77983,0.000185224,0.000185224,0.000185224
36,94.8778,0.68433,1.71029,0.87577,0.00691,1,0.995,0.77498,0.35662,3.28775,0.77983,0.000179119,0.000179119,0.000179119
37,97.5789,0.66826,1.53254,0.82669,0.00701,1,0.995,0.93991,0.35422,3.2564,0.78347,0.000172354,0.000172354,0.000172354
38,100.098,0.64885,1.69452,0.85264,0.00701,1,0.995,0.93991,0.35422,3.2564,0.78347,0.00016493,0.00016493,0.00016493
39,102.81,0.64079,1.58432,0.92561,0.00696,1,0.995,0.93991,0.34714,3.24218,0.78536,0.000156845,0.000156845,0.000156845
40,105.356,0.45392,1.30157,0.85381,0.00696,1,0.995,0.93991,0.34714,3.24218,0.78536,0.0001481,0.0001481,0.0001481
41,108.495,0.56143,1.49473,0.82641,0.0069,1,0.995,0.93991,0.34315,3.22016,0.78675,0.000138694,0.000138694,0.000138694
42,111.172,0.57344,1.69527,0.82309,0.0069,1,0.995,0.93991,0.34315,3.22016,0.78675,0.000128629,0.000128629,0.000128629
43,113.791,0.46737,1.50924,0.80159,0.00683,1,0.995,0.91233,0.34865,3.18844,0.788,0.000117904,0.000117904,0.000117904
44,116.386,0.5027,1.49473,0.79601,0.00683,1,0.995,0.91233,0.34865,3.18844,0.788,0.000106518,0.000106518,0.000106518
45,118.91,0.48393,1.56566,0.82455,0.0068,1,0.995,0.91233,0.36022,3.16989,0.78763,9.44722e-05,9.44722e-05,9.44722e-05
46,121.302,0.49105,1.48263,0.7386,0.0068,1,0.995,0.91233,0.36022,3.16989,0.78763,8.17663e-05,8.17663e-05,8.17663e-05
47,123.79,0.45478,1.49214,0.86153,0.00671,1,0.995,0.92907,0.35965,3.15787,0.78592,6.84003e-05,6.84003e-05,6.84003e-05
48,126.191,0.51314,1.51755,0.87767,0.00671,1,0.995,0.92907,0.35965,3.15787,0.78592,5.43742e-05,5.43742e-05,5.43742e-05
49,128.71,0.49179,1.47537,0.8267,0.00664,1,0.995,0.92907,0.35798,3.14301,0.78456,3.96879e-05,3.96879e-05,3.96879e-05
50,131.125,0.5749,1.52991,0.82874,0.00664,1,0.995,0.92907,0.35798,3.14301,0.78456,2.43415e-05,2.43415e-05,2.43415e-05
1,4.26954,0.68466,4.24726,0.84622,0,0,0,0,0.29003,3.92583,0.80191,0,0,0
2,7.1467,0.46557,4.35601,0.85921,0,0,0,0,0.29852,3.92741,0.80217,1.50197e-05,1.50197e-05,1.50197e-05
1,2.66709,0.66193,4.3259,0.81535,0.00227,0.33333,0.33575,0.20175,0.1298,3.71324,0.80479,0,0,0
2,5.32567,0.60045,4.29942,0.85506,0.00225,0.33333,0.33575,0.20175,0.14985,3.71738,0.80516,1.50197e-05,1.50197e-05,1.50197e-05
3,7.90957,0.48196,4.07924,0.84452,0.00228,0.33333,0.33576,0.20176,0.19852,3.73198,0.80543,2.67387e-05,2.67387e-05,2.67387e-05
4,10.5456,0.9177,4.43117,0.97048,0.00229,0.33333,0.33576,0.23526,0.24474,3.74238,0.80523,3.5157e-05,3.5157e-05,3.5157e-05
5,13.1687,0.79639,4.30286,0.95985,0.00456,0.66667,0.33727,0.33727,0.29366,3.75578,0.80408,4.02747e-05,4.02747e-05,4.02747e-05
6,15.6417,0.63186,3.83235,0.83432,0.00685,1,0.33952,0.3393,0.31778,3.75535,0.80471,4.20917e-05,4.20917e-05,4.20917e-05
7,18.1382,0.64859,4.02913,0.81301,0.00683,1,0.33951,0.33929,0.32433,3.74694,0.80416,4.06081e-05,4.06081e-05,4.06081e-05
8,20.6264,0.80447,3.94081,0.94264,0.00683,1,0.33953,0.33931,0.32843,3.74227,0.80359,3.58238e-05,3.58238e-05,3.58238e-05
9,23.2107,0.63906,3.74393,0.87618,0.00683,1,0.33954,0.33932,0.32973,3.74106,0.80314,2.77389e-05,2.77389e-05,2.77389e-05
10,25.826,0.48653,3.65237,0.78424,0.00677,1,0.33951,0.33929,0.32795,3.73722,0.80283,1.63533e-05,1.63533e-05,1.63533e-05
1,2.44268,0.45006,3.93076,0.80017,0.00083,0.125,0.00052,0.00047,0.22128,3.92542,0.78744,0.1,0,0
2,4.94371,0.44203,3.91672,0.79952,0.00163,0.25,0.00126,0.00126,0.23001,3.90937,0.78748,0.099098,9.802e-05,9.802e-05
3,7.37592,0.39688,3.88091,0.79452,0.00244,0.375,0.00221,0.00211,0.27436,3.91006,0.78918,0.0981921,0.00019208,0.00019208
4,9.74815,0.31991,3.81373,0.78618,0.00324,0.5,0.00342,0.0032,0.33278,3.89007,0.78984,0.0972822,0.00028218,0.00028218
5,12.1477,0.27368,3.70227,0.77868,0.00241,0.375,0.00227,0.0021,0.35253,3.86378,0.78998,0.0963683,0.00036832,0.00036832
6,14.5068,0.25044,3.53631,0.77225,0.00243,0.375,0.00224,0.00207,0.32886,3.82371,0.78848,0.0954505,0.0004505,0.0004505
7,16.897,0.21136,3.36017,0.76934,0.00242,0.375,0.00223,0.00206,0.34959,3.78714,0.78826,0.0945287,0.00052872,0.00052872
8,19.3508,0.1812,3.13797,0.76517,0.00242,0.375,0.00222,0.00213,0.34576,3.75205,0.7866,0.093603,0.00060298,0.00060298
9,21.7347,0.17599,2.8292,0.77015,0.00238,0.375,0.00219,0.0021,0.35432,3.72179,0.78186,0.0926733,0.00067328,0.00067328
10,24.1162,0.15257,2.39069,0.77235,0.00239,0.375,0.0022,0.00211,0.37062,3.70377,0.7789,0.0917396,0.00073962,0.00073962
11,26.5147,0.16929,1.91669,0.76888,0.00242,0.375,0.00221,0.00199,0.43135,3.66272,0.78181,0.090802,0.000802,0.000802
12,28.9266,0.25572,1.50077,0.761,0.00242,0.375,0.00221,0.00211,0.34437,3.63133,0.77104,0.0898604,0.00086042,0.00086042
13,31.3577,0.23401,1.32981,0.76165,0.00244,0.375,0.00218,0.00196,0.45666,3.58862,0.78247,0.0889149,0.00091488,0.00091488
14,33.7303,0.26432,1.21603,0.75631,0.00322,0.5,0.01474,0.01465,0.37801,3.54835,0.77482,0.0879654,0.00096538,0.00096538
15,36.1046,0.25331,1.1708,0.75965,0.00323,0.5,0.30193,0.2876,0.39936,3.51006,0.77989,0.0870119,0.00101192,0.00101192
16,38.447,0.2449,1.06492,0.75745,0.00322,0.5,0.4975,0.46003,0.46698,3.51758,0.77997,0.0860545,0.0010545,0.0010545
17,40.7837,0.27841,1.10146,0.75831,0.00324,0.5,0.4975,0.46003,0.44309,3.44815,0.78407,0.0850931,0.00109312,0.00109312
18,43.0722,0.25736,1.03595,0.7577,0.00324,0.5,0.4975,0.46003,0.44309,3.44815,0.78407,0.0841278,0.00112778,0.00112778
19,45.3426,0.25736,1.03595,0.7577,0.00327,0.5,0.4975,0.45186,0.43178,3.43605,0.77987,0.0831585,0.00115848,0.00115848
20,47.6491,0.25973,1.01625,0.75961,0.00327,0.5,0.4975,0.45186,0.43178,3.43605,0.77987,0.0821852,0.00118522,0.00118522
21,49.9775,0.25973,1.01625,0.75961,0.00321,0.5,0.4975,0.45186,0.40022,3.41861,0.77951,0.081208,0.001208,0.001208
22,52.4204,0.26079,0.95795,0.75885,0.00321,0.5,0.4975,0.45186,0.40022,3.41861,0.77951,0.0802268,0.00122682,0.00122682
23,54.7299,0.26079,0.95795,0.75885,0.00321,0.5,0.4975,0.46007,0.46382,3.41891,0.7745,0.0792417,0.00124168,0.00124168
24,56.9915,0.26931,1.00576,0.75804,0.00321,0.5,0.4975,0.46007,0.46382,3.41891,0.7745,0.0782526,0.00125258,0.00125258
25,59.3339,0.26931,1.00576,0.75804,0.00318,0.5,0.4975,0.43528,0.47287,3.36945,0.78369,0.0772595,0.00125952,0.00125952
26,61.6518,0.27077,1.00513,0.76178,0.00318,0.5,0.4975,0.43528,0.47287,3.36945,0.78369,0.0762625,0.0012625,0.0012625
27,63.9783,0.27077,1.00513,0.76178,0.00319,0.5,0.4975,0.45391,0.47178,3.36126,0.78291,0.0752615,0.00126152,0.00126152
28,66.2962,0.24518,0.89014,0.75969,0.00319,0.5,0.4975,0.45391,0.47178,3.36126,0.78291,0.0742566,0.00125658,0.00125658
29,68.6989,0.24518,0.89014,0.75969,0.00323,0.5,0.4975,0.48503,0.3599,3.36403,0.7799,0.0732477,0.00124768,0.00124768
30,71.0242,0.25763,0.84298,0.75957,0.00323,0.5,0.4975,0.48503,0.3599,3.36403,0.7799,0.0722348,0.00123482,0.00123482
31,73.3771,0.25763,0.84298,0.75957,0.00318,0.5,0.4975,0.45084,0.45679,3.36126,0.78601,0.071218,0.001218,0.001218
32,75.7084,0.22576,0.87077,0.75848,0.00318,0.5,0.4975,0.45084,0.45679,3.36126,0.78601,0.0701972,0.00119722,0.00119722
33,78.0553,0.22576,0.87077,0.75848,0.00319,0.5,0.4975,0.46017,0.38558,3.32854,0.78032,0.0691725,0.00117248,0.00117248
34,80.4767,0.241,0.8159,0.75741,0.00319,0.5,0.4975,0.46017,0.38558,3.32854,0.78032,0.0681438,0.00114378,0.00114378
35,82.842,0.241,0.8159,0.75741,0.00319,0.5,0.4975,0.45084,0.39506,3.32583,0.783,0.0671111,0.00111112,0.00111112
36,85.176,0.17279,0.799,0.756,0.00319,0.5,0.4975,0.45084,0.39506,3.32583,0.783,0.0660745,0.0010745,0.0010745
37,87.5144,0.17279,0.799,0.756,0.00321,0.5,0.4975,0.46017,0.37518,3.29967,0.78107,0.0650339,0.00103392,0.00103392
38,89.8447,0.2105,0.77022,0.75595,0.00321,0.5,0.4975,0.46017,0.37518,3.29967,0.78107,0.0639894,0.00098938,0.00098938
39,92.2012,0.2105,0.77022,0.75595,0.00322,0.5,0.4975,0.45391,0.40499,3.27348,0.78069,0.0629409,0.00094088,0.00094088
40,94.5448,0.13994,0.77085,0.75543,0.00322,0.5,0.4975,0.45391,0.40499,3.27348,0.78069,0.0618884,0.00088842,0.00088842
41,96.9455,0.13994,0.77085,0.75543,0.00314,0.5,0.4975,0.47572,0.3458,3.27386,0.7811,0.060832,0.000832,0.000832
42,99.3091,0.15673,0.74696,0.75434,0.00314,0.5,0.4975,0.47572,0.3458,3.27386,0.7811,0.0597716,0.00077162,0.00077162
43,101.719,0.15673,0.74696,0.75434,0.00318,0.5,0.4975,0.47254,0.37846,3.2341,0.78146,0.0587073,0.00070728,0.00070728
44,104.08,0.12844,0.72515,0.75488,0.00318,0.5,0.4975,0.47254,0.37846,3.2341,0.78146,0.057639,0.00063898,0.00063898
45,106.458,0.12844,0.72515,0.75488,0.00316,0.5,0.4975,0.46017,0.37789,3.19977,0.78015,0.0565667,0.00056672,0.00056672
46,108.814,0.10358,0.68312,0.75444,0.00316,0.5,0.4975,0.46017,0.37789,3.19977,0.78015,0.0554905,0.0004905,0.0004905
47,111.197,0.10358,0.68312,0.75444,0.00314,0.5,0.4975,0.44775,0.3945,3.16827,0.78275,0.0544103,0.00041032,0.00041032
48,113.53,0.08679,0.67089,0.75592,0.00314,0.5,0.4975,0.44775,0.3945,3.16827,0.78275,0.0533262,0.00032618,0.00032618
49,115.916,0.08679,0.67089,0.75592,0.00315,0.5,0.4975,0.48191,0.38601,3.12938,0.77997,0.0522381,0.00023808,0.00023808
50,118.245,0.06685,0.64448,0.75468,0.00315,0.5,0.4975,0.48191,0.38601,3.12938,0.77997,0.051146,0.00014602,0.00014602
1,5.64458,0.4655,3.71499,0.83456,0.00328,0.5,0.16983,0.12605,0.27392,3.84339,0.82819,0.0982,0.0002,0.0002
2,11.2173,0.38912,3.63557,0.82086,0.00522,0.8,0.16823,0.13595,0.3691,3.80323,0.82834,0.0954901,0.0004901,0.0004901
3,16.8534,0.35427,3.34604,0.80713,0.0052,0.8,0.24107,0.20952,0.35676,3.75116,0.82502,0.0927683,0.00076832,0.00076832
4,22.49,0.36185,2.86092,0.80421,0.00385,0.6,0.24697,0.2419,0.41615,3.69858,0.83238,0.0900347,0.00103466,0.00103466
5,28.1004,0.35666,2.06095,0.79393,0.00321,0.5,0.29647,0.28307,0.45178,3.58273,0.82664,0.0872891,0.00128912,0.00128912
6,33.557,0.4547,1.46862,0.799,0.00579,0.9,0.29883,0.27222,0.49218,3.53579,0.84136,0.0845317,0.0015317,0.0015317
7,39.0468,0.45202,1.39667,0.793,0.00583,0.9,0.37829,0.3621,0.45228,3.49558,0.82257,0.0817624,0.0017624,0.0017624
8,44.4572,0.37516,1.29764,0.78206,0.00582,0.9,0.39917,0.37811,0.5372,3.45778,0.81972,0.0789812,0.00198122,0.00198122
9,49.8837,0.34856,1.23227,0.77587,0.00583,0.9,0.3833,0.37497,0.47608,3.44422,0.81934,0.0761882,0.00218816,0.00218816
10,55.2623,0.38787,1.14808,0.77603,0.0058,0.9,0.34447,0.33441,0.46645,3.42707,0.83745,0.0733832,0.00238322,0.00238322
11,60.6993,0.32012,1.0903,0.76967,0.00577,0.9,0.43759,0.40321,0.57581,3.39083,0.85778,0.0705664,0.0025664,0.0025664
12,66.1067,0.5419,1.09795,0.79212,0.0057,0.9,0.44945,0.4198,0.59934,3.37201,0.856,0.0677377,0.0027377,0.0027377
13,71.5652,0.41639,1.03665,0.77996,0.00565,0.9,0.87031,0.76149,0.56979,3.32937,0.88113,0.0648971,0.00289712,0.00289712
14,77.015,0.38695,1.01704,0.77884,0.00563,0.9,0.85491,0.79065,0.63544,3.32956,0.87812,0.0620447,0.00304466,0.00304466
15,82.499,0.3755,0.96521,0.78084,0.00554,0.9,0.8953,0.73525,0.63277,3.24192,0.86939,0.0591803,0.00318032,0.00318032
16,87.9195,0.51394,0.94602,0.79575,0.00551,0.9,0.8853,0.82635,0.55289,3.18103,0.83847,0.0563041,0.0033041,0.0033041
17,93.3494,0.37279,0.86572,0.78015,0.0055,0.9,0.8753,0.73402,0.6718,3.20841,0.87929,0.053416,0.003416,0.003416
18,98.8198,0.48171,0.90058,0.7983,0.0055,0.9,0.8953,0.73824,0.83016,3.13529,0.90212,0.050516,0.00351602,0.00351602
19,104.215,0.40846,0.82767,0.78692,0.00615,1,0.89568,0.8124,0.63491,2.95847,0.87212,0.0476042,0.00360416,0.00360416
20,109.549,0.34891,0.76707,0.78112,0.00555,0.9,0.89531,0.67815,0.71238,2.87872,0.87141,0.0446804,0.00368042,0.00368042
21,114.946,0.35769,0.83736,0.7799,0.00559,0.9,0.89531,0.8298,0.54486,2.84319,0.83798,0.0417448,0.0037448,0.0037448
22,120.338,0.31847,0.71645,0.77481,0.00562,0.9,0.89531,0.71332,0.68972,2.73026,0.83002,0.0387973,0.0037973,0.0037973
23,125.7,0.41895,0.72391,0.78096,0.92216,0.9,0.89531,0.81568,0.49134,2.6192,0.82032,0.0358379,0.00383792,0.00383792
24,131.091,0.27256,0.64849,0.77228,1,0.77828,0.89567,0.7076,0.63273,2.55095,0.84758,0.0328667,0.00386666,0.00386666
25,136.441,0.37634,0.69715,0.78245,1,0.22665,0.89566,0.79309,0.55822,2.53632,0.83601,0.0298835,0.00388352,0.00388352
26,141.819,0.26879,0.62241,0.77154,1,0.34381,0.89563,0.77053,0.5738,2.30677,0.84635,0.0268885,0.0038885,0.0038885
27,147.217,0.36769,0.62884,0.77976,1,0.65686,0.89531,0.80015,0.53319,2.24962,0.85103,0.0238816,0.0038816,0.0038816
28,152.574,0.28143,0.57916,0.77412,1,0.68611,0.89563,0.7669,0.59671,2.16146,0.85252,0.0208628,0.00386282,0.00386282
29,158.03,0.32807,0.61765,0.77803,1,0.68611,0.89563,0.7669,0.59671,2.16146,0.85252,0.0178322,0.00383216,0.00383216
30,163.513,0.26001,0.57553,0.77488,1,0.74323,0.89531,0.74976,0.6741,2.10737,0.86582,0.0147896,0.00378962,0.00378962
31,169.036,0.31136,0.57996,0.77543,1,0.7989,0.89531,0.80739,0.55206,1.98555,0.8602,0.0117352,0.0037352,0.0037352
32,174.433,0.29134,0.57484,0.77746,1,0.86374,0.89564,0.74929,0.64486,1.85732,0.86992,0.0086689,0.0036689,0.0036689
33,179.744,0.36844,0.62455,0.7814,1,0.86374,0.89564,0.74929,0.64486,1.85732,0.86992,0.00559072,0.00359072,0.00359072
34,185.166,0.3611,0.59803,0.78102,1,0.80995,0.89563,0.81568,0.65004,1.87593,0.86594,0.003466,0.003466,0.003466
35,190.546,0.30974,0.57615,0.77863,0.98164,0.9,0.89531,0.79135,0.57698,1.72368,0.85655,0.003268,0.003268,0.003268
36,195.877,0.25666,0.57122,0.77921,0.98798,0.9,0.89531,0.80248,0.59069,1.60432,0.8492,0.00307,0.00307,0.00307
37,201.152,0.25791,0.55999,0.77465,0.98798,0.9,0.89531,0.80248,0.59069,1.60432,0.8492,0.002872,0.002872,0.002872
38,206.601,0.26486,0.55628,0.77538,0.96464,0.9,0.89562,0.78314,0.51684,1.46844,0.84588,0.002674,0.002674,0.002674
39,211.93,0.28913,0.57105,0.77548,0.99123,0.9,0.89562,0.81899,0.54208,1.38058,0.84899,0.002476,0.002476,0.002476
40,217.356,0.23761,0.52207,0.7748,0.99739,0.9,0.89562,0.77996,0.56523,1.25815,0.85135,0.002278,0.002278,0.002278
41,222.739,0.20461,0.48152,0.77205,0.99739,0.9,0.89562,0.77996,0.56523,1.25815,0.85135,0.00208,0.00208,0.00208
42,228.177,0.18281,0.47325,0.77053,1,0.89713,0.89561,0.79573,0.57453,1.1325,0.84543,0.001882,0.001882,0.001882
43,233.513,0.18116,0.47565,0.76854,0.99991,0.9,0.8956,0.81024,0.54888,1.093,0.84326,0.001684,0.001684,0.001684
44,238.864,0.14983,0.45882,0.76746,1,0.8988,0.8956,0.79972,0.55985,1.06518,0.8423,0.001486,0.001486,0.001486
45,244.177,0.13688,0.43866,0.76735,1,0.8988,0.8956,0.79972,0.55985,1.06518,0.8423,0.001288,0.001288,0.001288
46,249.562,0.12759,0.43519,0.76651,1,0.89971,0.8956,0.8137,0.50338,0.97809,0.83539,0.00109,0.00109,0.00109
47,254.943,0.10487,0.4199,0.76607,0.99978,0.9,0.8956,0.80968,0.53714,0.96384,0.83738,0.000892,0.000892,0.000892
48,260.276,0.09403,0.41313,0.76526,1,0.89955,0.8956,0.80901,0.5425,0.93257,0.83716,0.000694,0.000694,0.000694
49,265.6,0.08547,0.40265,0.7648,1,0.89955,0.8956,0.80901,0.5425,0.93257,0.83716,0.000496,0.000496,0.000496
50,270.949,0.07952,0.39644,0.76468,0.99914,0.9,0.8956,0.80904,0.53616,0.88695,0.83613,0.000298,0.000298,0.000298
1,6.61809,0.58017,3.84156,0.86312,0.00515,0.8,0.08166,0.08109,0.19178,3.78886,0.75729,0.0982,0.0002,0.0002
2,12.844,0.48001,3.74171,0.83746,0.0065,1,0.1354,0.135,0.32071,3.74891,0.76078,0.0954901,0.0004901,0.0004901
3,18.9288,0.43598,3.43428,0.84136,0.00521,0.8,0.20977,0.20157,0.24878,3.6812,0.75795,0.0927683,0.00076832,0.00076832
4,25.0015,0.38964,2.95208,0.82127,0.00389,0.6,0.219,0.19882,0.3299,3.59996,0.75767,0.0900347,0.00103466,0.00103466
5,31.0283,0.4407,2.07963,0.83245,0.00259,0.4,0.19631,0.19631,0.35761,3.53172,0.75455,0.0872891,0.00128912,0.00128912
6,37.0044,0.48263,1.54976,0.80168,0.00512,0.8,0.20163,0.20057,0.50193,3.46597,0.76406,0.0845317,0.0015317,0.0015317
7,42.8531,0.52113,1.5385,0.80519,0.00643,1,0.29951,0.2992,0.37973,3.42411,0.75957,0.0817624,0.0017624,0.0017624
8,48.818,0.34721,1.26009,0.78033,0.00645,1,0.35479,0.3461,0.42632,3.38109,0.76087,0.0789812,0.00198122,0.00198122
9,54.9115,0.35577,1.20748,0.78248,0.00652,1,0.56095,0.52178,0.53549,3.34033,0.77549,0.0761882,0.00218816,0.00218816
10,60.8878,0.45923,1.21516,0.7949,0.00651,1,0.54404,0.47238,0.56149,3.31384,0.78068,0.0733832,0.00238322,0.00238322
11,66.9512,0.44392,1.11627,0.78579,0.00652,1,0.56469,0.50822,0.40528,3.29458,0.76785,0.0705664,0.0025664,0.0025664
12,73.0122,0.51825,1.10409,0.79327,0.0065,1,0.63165,0.56307,0.49009,3.30048,0.77091,0.0677377,0.0027377,0.0027377
13,79.1374,0.39819,1.01533,0.78488,0.00638,1,0.87306,0.67509,0.57296,3.21202,0.7816,0.0648971,0.00289712,0.00289712
14,85.2913,0.56483,1.02493,0.80462,0.00638,1,0.895,0.69978,0.5333,3.20935,0.788,0.0620447,0.00304466,0.00304466
15,91.2814,0.42079,0.97916,0.79255,0.00634,1,0.91833,0.72467,0.68987,3.16144,0.80927,0.0591803,0.00318032,0.00318032
16,97.5582,0.51459,0.93574,0.79974,0.00634,1,0.90611,0.80733,0.47496,3.09882,0.78024,0.0563041,0.0033041,0.0033041
17,103.471,0.4149,0.87199,0.78074,0.00631,1,0.93136,0.77919,0.65644,2.98097,0.79511,0.053416,0.003416,0.003416
18,109.374,0.47255,0.837,0.79093,0.70367,0.2,0.92227,0.8332,0.44032,2.91474,0.77124,0.050516,0.00351602,0.00351602
19,115.235,0.37174,0.77416,0.77771,1,0.2424,0.96773,0.82799,0.60826,2.75006,0.8013,0.0476042,0.00360416,0.00360416
20,121.249,0.38307,0.71592,0.77527,1,0.23577,0.97682,0.85083,0.61339,2.64339,0.79397,0.0446804,0.00368042,0.00368042
21,127.201,0.38847,0.77101,0.77474,1,0.25523,0.94045,0.82968,0.52482,2.62395,0.77345,0.0417448,0.0037448,0.0037448
22,133.027,0.30934,0.68053,0.7697,1,0.27518,0.995,0.86589,0.5237,2.48556,0.78119,0.0387973,0.0037973,0.0037973
23,138.9,0.44722,0.71852,0.78256,1,0.28136,0.98591,0.83173,0.59957,2.45381,0.7838,0.0358379,0.00383792,0.00383792
24,144.742,0.32982,0.66905,0.77108,1,0.28634,0.94955,0.81151,0.57954,2.37329,0.7857,0.0328667,0.00386666,0.00386666
25,150.574,0.41932,0.69111,0.7815,1,0.29174,0.95864,0.80227,0.57335,2.30188,0.77669,0.0298835,0.00388352,0.00388352
26,156.43,0.30242,0.62851,0.77055,1,0.29519,0.94955,0.83654,0.58063,2.19829,0.78239,0.0268885,0.0038885,0.0038885
27,162.243,0.37564,0.66444,0.77456,1,0.36413,0.96773,0.81282,0.52788,2.08291,0.77415,0.0238816,0.0038816,0.0038816
28,168.12,0.30046,0.61204,0.77033,1,0.37397,0.96773,0.81958,0.5857,2.0256,0.78588,0.0208628,0.00386282,0.00386282
29,173.942,0.36473,0.64132,0.77181,1,0.37397,0.96773,0.81958,0.5857,2.0256,0.78588,0.0178322,0.00383216,0.00383216
30,179.775,0.30057,0.61413,0.76686,1,0.68866,0.98591,0.87959,0.51665,1.93142,0.78155,0.0147896,0.00378962,0.00378962
31,185.744,0.33437,0.61013,0.77385,1,0.94382,0.995,0.87628,0.55945,1.84011,0.77925,0.0117352,0.0037352,0.0037352
32,191.649,0.35805,0.59975,0.77715,0.90661,1,0.995,0.85007,0.58274,1.74512,0.78765,0.0086689,0.0036689,0.0036689
33,197.514,0.32617,0.57309,0.77287,0.90661,1,0.995,0.85007,0.58274,1.74512,0.78765,0.00559072,0.00359072,0.00359072
34,203.408,0.32781,0.57585,0.77437,0.88519,1,0.995,0.89316,0.4941,1.64354,0.77193,0.003466,0.003466,0.003466
35,209.291,0.31769,0.57964,0.7737,0.94128,1,0.995,0.83274,0.54659,1.55565,0.78757,0.003268,0.003268,0.003268
36,215.178,0.27083,0.55845,0.77462,0.9669,1,0.995,0.87663,0.5199,1.47304,0.78332,0.00307,0.00307,0.00307
37,221.025,0.25098,0.53285,0.77364,0.9669,1,0.995,0.87663,0.5199,1.47304,0.78332,0.002872,0.002872,0.002872
38,226.909,0.22168,0.52193,0.77062,0.97872,1,0.995,0.88338,0.49826,1.26347,0.78456,0.002674,0.002674,0.002674
39,232.8,0.23593,0.49709,0.77195,0.98631,1,0.995,0.8984,0.48054,1.10977,0.77629,0.002476,0.002476,0.002476
40,238.6,0.24442,0.51546,0.76977,0.98461,1,0.995,0.88464,0.49078,1.11892,0.78108,0.002278,0.002278,0.002278
41,244.727,0.21257,0.47448,0.76812,0.98461,1,0.995,0.88464,0.49078,1.11892,0.78108,0.00208,0.00208,0.00208
42,250.72,0.18653,0.47597,0.76598,0.98718,1,0.995,0.89464,0.48155,1.04098,0.77799,0.001882,0.001882,0.001882
43,256.658,0.19134,0.4736,0.7654,0.9894,1,0.995,0.8934,0.4636,0.98134,0.7742,0.001684,0.001684,0.001684
44,262.715,0.15342,0.44602,0.76384,0.9913,1,0.995,0.91613,0.45047,0.90474,0.77057,0.001486,0.001486,0.001486
45,268.482,0.1488,0.43246,0.76182,0.9913,1,0.995,0.91613,0.45047,0.90474,0.77057,0.001288,0.001288,0.001288
46,274.112,0.14079,0.42192,0.76128,0.9917,1,0.995,0.9121,0.44089,0.86277,0.77152,0.00109,0.00109,0.00109
47,279.887,0.13117,0.41044,0.76081,0.99238,1,0.995,0.89628,0.43988,0.78869,0.76719,0.000892,0.000892,0.000892
48,285.655,0.10103,0.39728,0.75952,0.99268,1,0.995,0.89412,0.44292,0.76819,0.76975,0.000694,0.000694,0.000694
49,291.405,0.09132,0.38929,0.75845,0.99268,1,0.995,0.89412,0.44292,0.76819,0.76975,0.000496,0.000496,0.000496
50,297.203,0.08643,0.38537,0.75814,0.99272,1,0.995,0.90263,0.44306,0.75725,0.76798,0.000298,0.000298,0.000298
1,7.70946,0.566,3.82399,0.86578,0.00392,0.6,0.11741,0.10259,0.21324,3.85233,0.7881,0.0982,0.0002,0.0002
1,7.85765,0.56776,3.88388,0.87451,0.00455,0.7,0.20282,0.16206,0.17011,3.73101,0.77335,0.0982,0.0002,0.0002
1,7.57026,0.55066,3.81663,0.85833,0.00517,0.8,0.132,0.1175,0.3121,3.85251,0.8529,0.0982,0.0002,0.0002
1,7.54865,0.56957,3.84736,0.86544,0.00583,0.9,0.18577,0.10662,0.21325,3.6641,0.79009,0.0982,0.0002,0.0002
1,7.43806,0.49817,3.82607,0.83401,0.00448,0.7,0.10863,0.10238,0.34991,3.82972,0.83379,0.0982,0.0002,0.0002
1,7.61323,0.52223,3.8943,0.8178,0.00587,0.9,0.1975,0.12693,0.32624,3.64723,0.8684,0.0982,0.0002,0.0002
1,7.48865,0.54962,3.89623,0.86472,0.00518,0.8,0.23913,0.18527,0.2528,3.64552,0.81288,0.0982,0.0002,0.0002
1,7.80869,0.58004,3.82577,0.84274,0.00518,0.8,0.09929,0.09774,0.18609,3.85702,0.80572,0.0982,0.0002,0.0002
1,7.52766,0.58266,3.8831,0.87903,0.00585,0.9,0.31101,0.26709,0.19664,3.68435,0.8155,0.0982,0.0002,0.0002
1,7.65973,0.48956,3.77925,0.84305,0.00516,0.8,0.00598,0.00339,0.33771,3.95381,0.78117,0.0982,0.0002,0.0002
1,7.5207,0.58671,3.84604,0.87264,0.00455,0.7,0.20708,0.18953,0.16051,3.69899,0.76214,0.0982,0.0002,0.0002
